image_id,label
7209,2
10112,6
9209,6
8315,4
8589,2
9817,6
8879,5
11413,2
10174,5
11982,3
11221,6
7806,5
8711,2
7743,2
9426,4
10399,2
10344,5
11873,6
9258,5
8212,2
11812,4
7942,6
9060,2
10236,5
10815,2
8270,2
10101,4
10640,2
9679,5
10981,5
10956,3
7514,3
10257,5
10092,2
10864,2
10857,6
9628,6
7510,4
10693,2
10186,5
10648,2
11460,3
8103,4
9250,5
11381,2
9042,4
11708,4
11477,2
11891,2
10546,6
11741,3
11850,4
9918,4
10432,4
11282,5
10660,3
7716,4
11684,2
10515,4
11241,2
9211,4
8088,4
9904,3
9026,5
10868,5
11692,2
10138,2
8032,2
9463,2
7224,2
8621,5
8001,3
11881,4
9981,4
8324,6
8241,2
10798,5
7958,3
8100,4
7722,4
8282,5
11542,6
10460,2
10470,2
8953,2
8480,2
8890,4
10266,5
11185,4
8973,4
8511,3
10014,6
11597,2
9899,4
7705,2
9372,4
11161,4
10625,6
11072,6
11168,4
9938,2
10988,2
9344,5
9552,6
8316,2
10714,2
8912,2
11451,5
10343,2
7403,4
8053,2
8699,3
10748,4
9902,4
10668,2
7316,2
7706,6
7524,5
8623,2
8298,2
9417,2
8486,4
8612,4
10107,4
7411,2
10593,5
7646,2
7280,2
9740,3
11049,4
9652,4
8628,2
7769,2
11265,6
10228,2
8520,5
7244,5
7347,4
8287,2
11472,5
10179,5
8233,4
7455,2
11339,4
9141,5
9173,4
10038,2
7324,6
8365,4
9897,5
9624,3
8004,4
10902,6
11977,5
10149,2
10524,6
9776,2
11897,2
10405,5
9774,2
11884,2
8883,5
9264,4
10959,4
9989,4
9406,2
7592,2
8929,4
10680,4
8707,5
7755,2
7771,2
8073,2
11831,6
7442,3
7227,2
7909,4
9967,4
10743,4
10967,4
7920,4
7404,4
10086,3
9920,5
7600,2
11155,5
10479,4
9385,4
7644,5
8726,2
9531,5
8915,3
10215,4
9581,2
10592,5
9758,4
10944,4
9954,4
11804,5
11264,2
8130,2
10032,2
11210,2
9161,4
10795,4
8753,4
10378,4
10289,2
11636,4
7304,4
7795,2
8560,5
9697,5
10212,2
9962,5
9436,5
11877,2
10497,2
7352,2
10888,2
7472,4
11581,2
11642,2
8783,5
9635,4
7504,5
7249,5
10288,2
8574,4
8507,4
7548,3
8990,6
11029,2
7549,2
9160,2
8050,4
7590,2
11687,2
8280,5
7343,2
8456,5
9030,6
9613,3
11149,2
11108,5
7579,3
10331,4
11389,4
8157,4
9963,4
11498,4
9977,4
7279,4
11391,4
9828,2
8038,6
8690,5
8423,2
7627,6
8274,2
9693,2
7628,6
7596,3
10118,3
7802,4
8913,4
9614,4
10206,2
7902,2
7495,4
8191,2
9331,2
11153,4
10550,4
9006,4
9840,2
10091,2
10793,2
8989,2
8153,2
9927,5
11759,2
7996,2
11587,4
11943,3
10627,5
11534,2
10141,4
11140,2
9809,5
7499,4
8177,3
11492,6
9021,2
11787,6
10115,6
9661,2
10764,4
7765,6
8895,5
8666,4
11818,4
11874,4
7361,4
9506,2
9980,2
11604,2
10670,2
10402,3
7291,6
8154,2
10751,2
8121,4
10639,2
8802,4
7513,4
8308,4
9371,2
11776,3
10046,5
8080,5
8858,6
8304,2
8961,6
8744,2
11012,5
10279,5
10148,2
7255,6
9759,5
8350,3
9053,4
11685,5
7245,4
10489,4
7929,3
8717,5
7656,5
8737,4
9886,2
7794,4
8784,3
10917,4
11224,4
7680,4
11602,5
11521,3
7340,4
10742,4
9645,2
9854,5
10009,4
8600,6
9231,2
7715,2
7294,2
8165,6
9169,4
9620,2
9858,5
10376,5
8816,4
7274,5
11504,2
9934,2
10411,4
9682,2
8500,2
9022,4
11915,5
9152,6
11103,2
8556,6
11792,4
11297,2
9915,5
10512,2
10628,4
9694,5
7739,5
11638,2
8957,4
7797,5
9492,2
9968,2
9965,2
11652,4
7670,2
7820,6
8841,5
11138,2
11889,4
9134,5
10160,2
8437,3
9375,6
8962,2
11541,2
8045,3
7908,5
9830,2
10178,4
11036,3
11380,4
10096,3
10455,2
8419,4
11052,6
8027,5
8756,2
11533,6
11523,4
9807,4
7597,6
9127,6
7733,2
7962,1
10295,2
9339,5
10303,4
8109,4
10385,4
8835,5
10132,2
10010,5
11390,3
7997,3
11848,4
11594,2
9833,4
10106,3
10056,6
9139,2
10457,4
11849,2
8728,4
8811,6
10121,4
10089,5
11738,5
10301,2
7562,5
7965,5
9414,5
11243,6
9773,2
7393,2
11983,4
11616,4
7528,2
9251,2
11990,5
9294,4
8441,4
8192,2
10251,2
11671,4
7944,5
9191,4
10372,2
11428,2
7827,4
9733,5
8264,4
11209,3
9275,4
8341,2
7893,4
9700,6
7382,4
8932,4
11815,2
8846,2
11908,5
9783,6
8967,6
11099,2
7300,2
9112,5
9875,5
8016,4
8868,3
9062,2
11910,4
9841,2
10100,6
8296,2
8663,2
11281,4
11561,2
9038,6
7801,5
7810,3
7264,4
8139,5
10395,5
9214,4
8107,6
11443,6
11047,5
9432,3
10252,6
11071,2
11002,2
11267,2
7937,4
11319,6
11255,4
8446,5
11260,2
11223,4
9609,6
8407,4
11619,6
7833,4
9396,5
10157,3
10125,4
10191,5
7466,2
9404,4
10475,2
8729,5
8658,1
9654,4
9723,4
11992,6
9568,5
8861,2
11635,4
7764,2
8110,4
10498,4
11544,3
11312,2
7270,3
8449,6
8311,4
10943,5
8770,4
8215,2
7362,2
10683,4
9105,4
8641,4
8824,6
11237,2
9483,6
8599,2
10256,2
10615,2
7867,2
11649,1
9995,2
7469,1
10941,4
11803,2
8176,2
10801,6
11425,2
8774,4
11369,5
10926,2
7689,2
9755,4
7899,4
10391,2
9699,6
11996,6
11449,2
8403,5
7619,4
10245,2
11795,4
8092,5
7855,6
11859,2
8648,5
8444,6
11655,5
10058,2
8353,4
9940,3
7951,2
11711,3
7421,4
8356,2
9592,4
7652,2
8645,5
10609,3
9081,2
11808,3
11379,4
7351,2
9692,4
10029,4
10057,5
10874,2
11559,5
10897,4
9543,4
10093,2
10012,2
9523,4
9043,6
8616,4
10921,6
8646,5
11143,5
11552,2
9271,2
11042,5
11954,5
11564,4
11386,4
10619,4
8891,4
9634,4
8083,5
11852,2
7218,3
8655,2
10665,5
8914,2
11469,5
11479,6
8376,4
8935,2
9730,2
8950,2
11216,2
8865,6
7350,4
8504,2
10760,2
7586,5
10298,4
8394,4
8332,3
9476,4
11087,2
10844,2
8095,2
11821,2
10064,5
10935,6
11515,2
8713,2
10258,6
8527,4
8652,2
11150,2
11088,4
8054,2
8104,2
11453,5
10948,2
11682,4
7976,4
9647,4
10375,2
10467,5
7345,2
8008,4
11898,2
7234,5
9992,5
8831,2
9356,3
8018,2
9785,4
9494,3
10199,2
9489,2
11468,3
9369,3
7875,4
10761,5
7223,2
7557,2
10159,5
8547,4
7995,4
11035,4
11112,2
9019,4
10866,2
10187,4
9133,4
7863,1
7564,2
8893,4
7984,2
10990,4
8276,4
8392,4
8791,2
11407,2
11298,4
8826,4
9957,2
7845,4
11735,4
8070,6
8496,4
10061,6
10224,4
7508,4
10048,2
11456,4
10579,5
11450,6
8462,4
9308,6
9442,2
10713,2
8035,5
11998,4
9677,4
9775,2
8896,4
8626,2
10136,6
9812,4
10286,2
7603,4
8285,3
9420,5
9898,5
9429,5
8735,2
8680,6
11079,6
9890,6
11935,6
7276,4
11268,4
10872,2
9196,4
10940,5
11829,2
11802,6
8751,6
7464,5
9872,4
10263,4
9913,4
10978,4
7286,5
8388,5
10896,5
8596,2
8755,2
10348,5
9715,2
8630,3
11343,3
9851,4
7792,2
10724,5
9197,5
8488,2
7420,3
11421,2
9383,4
7786,2
9200,5
10848,2
7813,4
9077,4
9325,6
10797,6
8706,5
10371,5
9088,2
8305,2
11845,2
9453,6
7874,4
7773,5
9862,5
10066,2
10641,4
8683,2
7396,4
8875,4
9343,2
10605,5
10854,3
11341,6
10062,4
7923,6
7776,2
8245,4
11550,6
11601,5
8598,2
9002,2
7938,4
7523,3
7988,5
8820,6
11851,2
9970,5
7445,2
7873,5
10254,6
7621,2
7577,2
8844,4
9982,2
10530,6
9921,2
10911,5
9335,4
11408,4
10727,5
7876,3
11190,6
11688,4
10673,4
10960,2
10433,2
7692,4
10519,4
7344,5
9282,6
10229,5
9245,4
8768,4
10482,4
9861,2
11799,4
9829,5
8899,2
9117,4
7211,5
7952,3
11092,4
10930,4
7290,6
10493,2
11995,5
8894,2
11893,2
10642,2
10230,4
7714,2
8448,4
7401,2
9732,4
10271,4
10043,4
10596,3
8571,2
11220,6
10026,4
9985,2
10463,4
9379,4
11745,2
8219,5
10143,2
8435,5
7337,3
8312,4
9203,4
10937,3
8801,2
10672,3
9407,2
11366,2
10309,6
8160,2
7289,4
9041,5
10784,4
10828,6
7517,2
9925,3
8698,2
7604,1
7911,3
7861,3
10565,2
10464,4
11810,2
11293,2
11128,2
10451,2
11013,4
9458,5
9079,2
11517,5
7662,3
11755,4
10052,4
7748,3
7701,4
7408,2
7870,4
8849,5
9254,5
7955,2
8501,6
9510,4
8421,3
7620,5
10934,5
8105,2
11315,2
11447,2
10809,3
7753,2
7500,4
11756,2
9403,2
8271,4
9143,6
9871,3
7672,4
10843,4
9052,2
9054,2
10437,6
10838,2
9597,6
11180,1
10810,6
11656,2
9696,2
7312,5
11554,2
8425,4
11765,5
10074,4
9955,5
11984,6
8173,5
11457,4
10817,2
7419,5
9304,6
9952,4
10871,2
10033,5
7367,2
8145,4
9286,4
11505,2
10696,5
7726,1
9180,5
8876,4
11509,4
8331,2
11691,2
7335,6
10267,2
10440,6
8375,2
8763,2
8093,2
11014,6
9880,2
9633,3
7536,2
9097,3
7850,4
8807,4
7840,6
11189,4
11476,5
8927,4
9856,2
11548,4
8608,3
8041,4
10834,4
7761,4
11063,3
11121,5
11752,2
9330,4
9569,4
8442,2
8069,4
8405,5
9334,6
7272,6
9748,3
7402,4
8685,4
9602,2
10689,5
11078,5
11526,2
9782,6
8992,4
10452,3
7821,3
9591,5
9495,4
8118,4
10759,5
11763,4
11302,4
11794,2
11567,4
8291,6
8408,1
7330,4
10878,4
8014,4
10462,4
10355,2
9544,4
10771,4
11822,4
7633,6
9015,4
9923,3
10529,2
8525,2
11388,2
11960,4
8364,4
11978,5
10688,4
8349,4
10051,4
9547,2
9971,2
9444,2
11439,4
10328,2
10478,5
8877,2
7201,6
11957,4
7202,2
10570,1
8809,4
8034,3
9368,2
7248,5
9230,2
10545,5
11512,6
10377,4
8250,2
11258,4
11090,5
11459,4
9701,5
9559,2
9583,4
8379,2
9163,4
8817,4
11490,2
10349,2
9528,6
9236,4
9662,5
7565,4
10481,4
10024,4
10415,3
10293,3
10023,2
11832,2
7904,3
7292,3
8195,2
9468,6
7566,4
10200,6
9445,6
8113,4
11382,2
9826,3
10511,3
11169,5
11292,4
10503,6
11124,4
8901,4
8529,4
7968,4
11320,4
11892,4
11592,2
9893,4
11689,2
10995,2
7247,4
8116,2
9988,2
8620,4
11426,2
10964,2
8142,4
8757,2
8741,2
9103,6
11896,4
8810,4
10925,2
11105,5
10145,5
7921,4
8049,5
9941,3
9361,4
9419,6
8871,2
11484,4
9312,2
7882,4
9681,1
8126,4
9639,2
11757,5
11120,2
7732,3
10323,4
10698,3
9409,5
11885,5
7595,4
11654,5
9949,4
7632,4
10824,6
11225,2
7901,6
7437,3
11146,3
10448,3
10161,2
10753,5
8779,2
10521,2
10697,3
11747,6
11899,4
8922,3
7339,2
10018,5
7451,6
9303,2
11864,5
11888,6
9148,2
9033,5
9801,6
9780,2
8323,5
10687,4
8216,2
9155,4
7763,4
8806,3
8329,4
9604,5
11538,2
7655,4
10351,2
9631,2
9903,4
11465,4
9644,5
9866,4
9064,6
8792,2
11620,4
9643,4
9811,4
9132,4
10350,2
10669,4
11661,2
8005,4
10011,4
9621,4
8149,2
10867,1
9879,5
11664,2
7567,3
8051,2
11411,6
8464,4
8575,4
10198,4
9302,1
10559,2
11412,4
11953,4
7948,4
8804,4
11573,2
10325,5
10133,5
7365,6
10720,6
9795,2
9521,2
7525,6
11543,5
7681,4
11617,2
9727,2
8694,5
11065,6
8417,5
9603,2
11397,4
8691,2
8716,4
7325,4
9448,6
9146,2
9119,2
8420,6
11530,3
7637,5
7898,5
9167,5
9990,4
8536,2
10113,2
7204,5
10353,3
9714,2
11837,4
8862,3
8538,6
7684,2
9110,4
11142,2
8948,6
8369,4
8414,4
7977,4
11546,5
11485,6
10283,4
8518,6
10311,5
8761,2
11164,6
9045,2
10382,4
10439,2
7626,4
9885,4
10738,2
8702,2
8242,5
10265,4
7260,3
8704,4
10924,3
7561,4
11570,1
7288,5
11704,4
10347,2
10986,5
9439,5
8340,5
9455,3
10436,2
8633,5
10494,3
9373,4
10324,2
9649,5
9916,2
10552,2
7444,6
8693,4
8111,5
8510,4
11969,6
11826,4
7594,5
11431,5
9948,2
8601,5
7807,2
11997,2
7791,2
7788,6
8980,4
11368,6
8584,2
10600,5
8675,5
8731,6
11698,2
9415,5
7363,4
11838,2
9786,4
11917,6
8586,2
8580,4
11129,5
10164,4
10750,6
7555,2
9272,6
9770,4
10974,6
9707,6
9472,4
7588,2
10789,6
10020,4
11039,5
9233,2
7919,3
10737,4
8431,4
11603,2
9827,1
11289,4
9204,4
7858,2
11994,4
7617,6
8262,4
11811,3
9136,2
10036,4
8954,2
8148,4
11109,2
9140,5
7573,5
9351,5
11444,4
8172,4
9744,4
10527,4
11156,4
10739,2
10102,3
10821,2
7896,2
7539,2
8940,4
7616,4
9790,4
9630,2
10898,2
10910,4
7895,5
9837,6
8834,2
8508,5
9120,4
8048,4
8108,4
11700,2
10406,6
8009,2
10624,6
11589,6
7883,5
8094,2
8129,2
7397,3
9756,4
7667,2
8788,2
11853,4
9384,6
8503,2
10080,5
8257,6
7741,2
11767,4
11394,4
7738,2
8749,2
9912,2
9907,5
7320,5
10929,5
11383,4
11798,4
9267,2
11239,2
7438,6
10019,5
10079,2
9482,5
7674,5
8667,3
8471,5
9616,4
9327,6
10542,3
7650,4
10359,4
9753,4
11699,2
7613,2
10758,2
11345,1
10735,2
7253,4
7826,4
8833,2
10811,5
9917,6
7206,4
10370,2
7700,2
10915,3
11883,2
11077,2
11064,4
8947,4
11941,6
11903,5
8334,2
10308,2
8531,2
9673,4
8512,5
10070,3
8976,5
9663,4
7526,2
10523,2
11586,2
8747,6
7885,3
10732,5
11869,4
9413,2
11328,5
9020,5
9256,2
8822,2
9451,5
9711,4
9741,6
11634,2
8367,2
11236,2
10356,2
9722,4
8873,4
10621,3
7486,2
9558,1
8185,3
11705,4
7412,5
8198,5
10491,4
8640,5
9034,5
11122,4
7368,4
9116,2
8258,2
10540,5
10892,1
11513,4
10441,2
7699,6
7950,5
9712,2
9605,2
7317,2
7477,4
8260,5
10679,4
10939,4
11672,5
10197,5
11198,2
7232,2
11118,4
9542,2
11493,6
11662,6
11588,4
11717,6
10962,5
8533,2
7371,6
7782,4
9240,3
7392,5
9288,2
10767,4
9098,5
8451,2
9400,6
11608,6
9935,2
9170,4
11414,2
10195,2
9016,2
10013,4
7718,1
8509,4
11667,4
8144,4
10104,2
7551,6
8207,2
8832,4
9114,2
9212,6
11663,2
9457,6
10836,2
10710,3
9222,5
11438,5
9638,2
8661,2
7259,4
7931,3
11437,4
9011,2
8564,2
11317,6
8860,4
10602,3
7864,3
9171,5
7417,2
11703,2
9066,3
7829,2
8254,5
10606,4
11273,5
7217,4
11724,6
9474,4
7436,2
9501,4
7440,4
10126,5
11651,2
7250,2
8669,2
7354,6
8637,2
10505,5
9061,3
9089,2
10597,4
8684,5
8619,2
9317,2
9031,3
7323,2
11556,2
11558,4
9242,3
8847,2
8251,4
7709,2
10466,6
11370,4
8042,4
11488,2
9894,4
11058,4
7647,4
10794,4
7426,2
10869,5
8593,4
10518,2
8399,3
8469,4
11301,3
8787,5
10039,5
8720,6
10094,5
7742,5
10791,5
11340,5
8261,4
9991,4
9257,5
7943,4
10346,2
11722,6
9168,4
7986,2
11681,2
10574,2
8187,6
11721,4
10853,3
8892,2
10863,5
10180,3
11062,2
10916,2
11872,2
9534,2
9658,3
11288,4
8752,2
10681,6
11625,3
8656,3
7774,2
10531,5
10938,6
9550,2
10338,2
9265,5
8562,4
10763,6
10778,2
7531,2
8594,2
9996,2
8445,6
11240,2
7615,5
7502,2
11316,4
8537,6
11827,2
11560,4
9295,4
8314,2
11666,4
9280,4
10380,6
10804,2
8200,2
10458,6
8773,3
10581,2
7518,4
11203,2
9754,5
7611,2
9865,3
8337,2
10156,6
11532,5
11249,6
11576,2
9292,2
9111,4
8290,5
8945,2
9664,3
10361,6
7664,4
7975,2
9390,4
9208,2
9527,4
8986,5
11801,2
10242,2
9074,5
11091,5
11939,3
7831,2
11152,4
8651,2
10837,4
9819,5
9610,4
10510,4
7456,6
8352,4
10825,2
11278,2
9946,4
9009,5
8286,2
9945,2
8676,4
11629,2
11059,2
8543,5
10796,2
10578,6
8780,4
7446,5
7353,2
10659,4
10484,4
8978,5
8845,5
7947,5
9685,4
9582,5
11038,2
11949,6
9650,5
10471,2
7675,5
8253,4
10572,2
9058,4
8759,6
11401,2
11357,5
9919,2
9283,4
8455,6
7653,3
9093,5
8396,4
9554,3
9126,4
7877,5
10671,2
9291,4
11133,4
10429,6
8805,5
10965,6
9024,4
11055,6
7924,6
8687,6
11261,2
10008,3
11139,4
9104,6
10400,2
10901,6
9226,6
10875,2
7961,6
10890,2
9348,2
11744,4
10204,5
11405,4
11205,5
10007,3
7643,4
10336,2
9806,6
11110,2
7679,2
11679,4
9642,6
11796,5
7311,3
7702,4
11009,2
11084,4
11951,4
10313,3
8259,1
11575,3
7415,3
10318,2
8949,5
11494,3
10296,6
11473,5
7905,2
9177,4
8629,2
10996,2
10418,4
8439,2
8624,2
10500,4
7638,6
8643,2
9398,2
10002,2
11866,5
11027,2
11001,2
10456,3
8183,2
10747,4
8136,6
11050,4
7487,3
8977,5
9225,2
8368,4
8355,2
9096,2
10657,4
11962,4
10063,2
10037,4
7301,2
10982,4
8944,3
10799,2
7852,4
9951,4
11347,6
10862,2
11254,4
10952,4
8869,4
9646,5
7900,2
10225,2
10684,3
11539,6
11639,6
10414,6
11463,4
10220,4
7910,4
11833,2
10408,2
10918,2
10327,2
8583,2
7373,5
10526,2
8516,6
9183,5
10430,6
7693,4
10421,5
10568,2
9017,2
7540,2
8570,2
11113,2
10909,2
11051,5
11434,3
8662,3
11843,5
9771,4
11448,6
10306,2
8482,4
11074,4
11111,4
9724,4
9847,4
7356,4
7414,5
8090,4
8436,2
10045,4
8542,4
7379,2
7762,2
11754,4
10999,4
10984,4
11257,6
10976,4
11696,3
8124,1
9666,3
10461,4
11435,4
8541,1
10285,4
9721,4
8067,4
11436,2
8493,1
7580,4
8522,5
11879,4
7550,4
7841,2
9799,2
10576,2
9005,2
10775,6
9611,4
8475,4
10754,6
9974,2
11069,4
9424,5
10744,5
7897,5
11768,2
7636,4
9571,4
7745,6
8911,4
9273,2
7835,6
9816,2
10025,2
10049,5
11518,5
7384,4
11135,2
8714,2
8994,2
7678,2
9764,6
11073,6
11716,6
8733,3
8122,3
11882,6
8019,1
11772,2
8345,4
7529,4
7805,2
9277,4
11045,2
10201,5
9376,5
11217,2
7832,4
7422,5
8794,3
9028,2
8740,5
11937,6
10603,2
11179,5
7558,3
7485,5
8796,4
7940,5
7623,4
11613,5
9322,6
7591,2
9210,2
10077,3
8370,6
9460,2
9421,5
10192,4
7969,6
11742,6
8650,4
11927,4
9238,5
7520,2
10114,2
10261,6
8450,5
9526,4
9247,5
8047,2
9036,4
7884,2
11227,2
9345,6
7479,4
8096,4
11868,4
8007,4
11318,5
8576,2
8301,2
11578,4
7971,3
10555,4
9329,5
9747,5
11809,5
8917,2
7707,2
8205,4
10345,2
8579,2
10870,2
11836,5
10626,2
11075,2
7777,4
7834,2
10818,2
10233,2
8988,6
10068,5
7322,1
7416,6
10459,3
10912,4
8540,2
11791,4
7746,4
10783,2
11572,2
8679,2
11976,6
9660,4
10410,5
8193,2
9672,2
10003,2
11422,4
9867,2
9757,4
7277,5
7246,4
9768,2
10487,2
10819,5
7242,3
8991,6
9248,2
8705,4
11786,5
11606,5
10582,6
8360,3
8933,5
10787,6
7471,5
11213,4
9725,2
8671,5
10362,2
7648,2
11329,5
11008,2
7687,5
7423,6
7688,1
8523,4
7390,3
10946,1
7360,5
11947,4
11496,4
8284,4
11102,4
10947,6
7789,6
10746,4
10127,4
8563,4
7305,3
9930,5
10496,2
9665,5
9716,2
10757,4
7824,5
10686,4
11816,3
10776,4
9810,6
8460,6
8938,2
11771,4
7287,4
10963,4
10365,5
11287,4
8577,4
10259,4
8657,6
8863,2
8230,2
10903,2
11913,2
7815,4
10167,2
10889,2
8928,4
7275,6
11986,4
10270,2
9186,4
9517,2
11200,4
11482,6
8357,4
8659,2
9585,4
7501,3
11242,2
9374,2
10193,4
9040,5
7336,2
11609,2
9182,3
7251,2
9411,2
11097,4
11145,2
8969,3
8635,4
8610,4
9600,2
11658,2
8330,5
9848,3
8390,6
11580,5
9085,4
10762,2
11551,2
10850,2
11005,2
10832,4
11600,6
11321,3
10162,2
7358,5
8550,6
7506,4
10580,2
10537,2
8393,4
10856,2
10522,4
7698,6
7879,5
7475,4
11024,3
11031,3
8565,2
11299,5
10135,4
7760,2
8214,2
8169,2
7516,2
9976,1
9069,4
9859,4
9039,5
9498,5
10154,4
11527,6
7267,3
10304,4
10661,5
10541,2
9113,2
9905,5
11867,4
8799,4
7999,2
8572,6
11406,4
9353,6
10226,6
7447,2
10709,4
7219,5
8030,2
9979,4
8433,2
8372,5
10108,3
8546,2
8033,2
9640,2
10428,4
11907,3
10860,5
11346,2
10177,2
10631,5
11631,2
9805,2
10899,2
10131,2
7618,4
10249,5
8959,2
11067,6
8180,2
9595,4
7407,2
11643,6
8171,2
8371,4
7454,6
8996,6
7293,4
9736,5
11206,5
9124,3
10369,2
8087,3
9503,2
9333,2
10601,5
9266,6
8764,2
7862,2
8226,4
9580,5
9972,2
7798,5
11860,5
10042,3
8140,4
8484,1
10700,2
11101,2
8213,2
11196,4
7811,6
11028,2
7891,2
11770,6
10388,3
11979,4
10507,4
8020,3
10852,2
10474,4
8228,4
11471,3
7348,5
10373,4
7704,4
7449,4
9269,4
9529,5
11054,3
9784,2
8348,4
11694,6
9072,4
10322,5
8916,4
9718,2
10150,5
7453,2
7377,4
8941,4
8995,4
8247,6
10485,2
11813,4
7400,2
10731,4
7483,2
10335,4
9488,6
10987,3
10586,2
7556,4
10168,2
10667,5
9032,3
10695,5
9037,2
9355,4
11904,2
8306,3
8011,5
7844,6
10719,5
9986,2
7886,2
8943,2
9814,6
8937,4
8481,2
9637,4
10040,5
11211,5
8378,2
7427,2
7265,2
10845,5
9760,4
9502,1
7509,3
8718,4
9761,5
8743,5
10788,5
9044,2
10922,2
11743,2
11723,4
9512,4
9412,5
10449,4
7779,4
8782,2
8194,4
9869,5
9362,2
9018,4
7912,2
11186,5
10895,2
8438,5
7639,5
11537,4
8682,4
11423,2
8006,3
11665,2
10842,5
11131,6
7380,6
10146,6
8910,2
11683,3
11116,5
7954,4
11182,4
11173,4
7568,2
11125,4
10246,2
8688,5
11033,4
11840,3
8237,5
9281,2
8078,4
10368,6
9573,4
10183,5
7676,2
8609,4
7533,2
9835,2
10450,2
7319,4
10855,2
10927,5
10630,3
8828,1
11565,1
10994,2
8730,2
11599,3
11040,3
11645,5
8267,2
10900,2
9956,4
9734,2
7964,4
7880,2
8046,6
9367,4
8830,4
10656,4
10396,3
8494,4
9154,4
10291,5
7488,4
8582,6
11825,6
7772,2
7489,5
10172,2
10998,4
10055,4
8777,2
9800,2
9958,4
11430,2
11830,5
8013,4
11104,2
7432,5
9243,2
10176,4
8881,6
8432,6
8117,2
8320,6
7945,5
8406,4
9306,3
10792,4
10307,5
10211,2
7537,2
7530,6
7915,2
10392,4
10438,4
9557,4
10310,5
11746,4
9441,4
9593,6
8238,4
9326,2
11199,5
10041,4
10443,6
10841,6
11458,4
9131,2
10409,5
7740,5
9975,6
9704,5
11522,6
7641,5
9268,6
9084,2
11782,5
8328,4
7837,6
7338,5
10884,4
11605,6
10517,4
11025,4
11244,2
10004,6
9370,6
8351,6
9532,2
9416,4
10330,5
8814,2
7369,4
7853,5
7758,2
10907,6
9939,2
8987,1
10196,3
10532,2
11157,6
11549,2
10613,2
11286,6
10595,4
7266,3
11966,4
8222,4
11053,2
10638,3
7498,2
11201,6
11753,2
10509,2
11921,6
7310,1
11945,5
7890,4
8373,2
7686,2
7328,5
9397,4
8059,4
7694,5
8724,2
9589,2
9590,5
10730,6
9151,2
11082,2
8561,5
11432,2
8793,4
11364,2
7457,2
8184,3
11557,3
9467,3
10412,2
8415,2
9253,2
8082,4
8803,4
11562,2
10880,2
11085,2
11245,2
10549,4
10140,5
7216,3
9364,4
7468,2
8303,2
9618,4
7979,4
7295,3
7767,4
10472,4
11729,4
7800,4
8880,6
8838,2
8146,5
7630,2
10651,4
8473,2
10090,4
9008,5
8434,6
8164,2
11726,2
10936,4
7778,4
8012,4
9874,5
10031,2
10914,2
10611,2
10553,5
9731,4
11878,2
8855,4
11598,4
11709,2
8554,6
9172,6
10297,2
10274,6
10292,6
8946,4
9175,4
11728,4
11566,2
7474,3
11177,5
7239,2
9657,2
11862,6
7381,6
11231,4
8765,4
10816,2
8843,4
10827,3
11081,5
9262,4
8951,4
9797,5
11922,4
9014,3
10241,2
7695,6
7215,2
7793,6
7450,2
8010,4
10015,4
8427,2
8091,2
9075,4
9545,2
7257,3
8381,5
7697,4
8566,5
9709,1
7271,2
10069,3
10213,2
9380,2
9735,4
9190,2
9252,2
9749,6
11732,4
10877,2
11854,2
9891,4
11964,5
7541,5
7235,2
11037,4
8064,4
11583,4
8622,3
11372,2
7212,4
11748,2
8391,4
7624,5
11524,4
10314,4
11478,5
8754,5
9260,2
10777,2
9244,5
8606,2
10016,4
9218,4
7238,4
10453,5
9347,2
11446,2
11640,1
11215,4
10997,2
10506,5
8249,6
10736,4
7685,5
11335,2
9065,3
7459,6
11680,4
10637,2
11475,6
9087,6
9601,4
8983,5
8281,5
10427,4
10054,2
8587,6
7817,5
7405,4
10434,5
9794,5
8377,6
9000,2
9802,3
10564,5
10205,4
10401,2
7963,2
9475,4
8209,4
9346,5
8106,4
11987,6
8382,3
8189,5
8186,2
7490,4
7941,6
11622,4
11170,2
10315,4
10393,3
7563,2
7409,4
8075,4
9179,2
8268,6
10650,4
7828,4
10413,5
10000,6
9964,2
8689,3
10782,1
11511,3
7462,6
9691,2
8199,4
10095,5
9464,5
9820,3
9185,5
7512,5
9076,2
11427,6
9852,6
7645,3
11403,5
11330,5
9878,4
10499,4
10985,2
8797,5
9960,6
10097,2
11958,2
10071,3
8921,4
9838,5
7816,2
11713,6
11789,6
10272,4
10050,5
8342,2
8483,6
10435,2
9418,6
11106,5
8358,6
11178,2
10723,4
8196,2
11858,4
9293,2
8179,4
8767,4
10334,2
7868,4
11171,6
11374,2
10699,4
8874,4
8972,2
11895,4
8909,2
7326,2
10543,6
10284,5
8443,2
9881,5
8955,3
8256,4
7606,5
7865,3
8517,3
8615,5
7584,5
8099,3
9405,6
8539,4
9668,4
7966,2
10718,5
8884,6
10932,2
9164,5
10945,2
8573,4
11184,4
8553,2
10554,6
8463,2
11115,5
7484,2
8908,5
8084,1
8234,2
7269,6
11630,4
7406,4
9427,4
7342,5
11778,2
11331,3
11322,4
8002,4
9300,6
8400,4
7378,4
9655,2
9338,6
7629,3
7370,2
11774,5
7431,2
8150,2
11474,6
11295,5
9261,3
11080,6
11440,6
9804,2
9766,2
9123,2
7759,4
9274,5
11707,6
8513,4
10972,4
11290,4
10088,4
10752,5
8255,5
11222,4
9323,5
9241,3
10476,5
11467,5
10312,4
10374,4
10139,4
11026,4
9520,2
9892,6
10383,2
8795,4
11846,5
8489,4
9779,5
10221,6
8401,4
8931,2
7461,4
10085,5
9537,2
9656,2
7435,4
10664,5
11342,5
7346,2
11582,6
8467,2
9612,4
10908,2
11466,4
11277,5
8174,2
11670,1
11018,2
8654,3
9566,2
11011,2
9378,6
9478,4
7460,2
8866,2
7787,2
10300,4
8244,2
7207,4
7842,2
11901,4
7511,6
11132,6
7907,2
8021,5
9594,6
9408,5
10647,5
9842,6
8660,2
10851,4
9653,4
8974,4
10812,1
10124,2
7341,5
8607,6
8979,4
11396,2
10786,2
8120,3
11800,1
11677,6
7491,4
9931,2
7734,2
10569,5
11034,5
10181,4
7225,2
10562,4
7349,4
10584,2
8544,4
10951,2
11648,4
7780,3
10547,5
11571,2
9449,5
10826,4
9769,2
7375,2
7610,4
9587,4
11313,5
11514,2
10185,6
7383,2
9137,4
9895,2
9706,4
9221,5
8611,5
11006,5
7839,3
11920,3
8325,6
10726,2
8686,4
7366,5
8963,2
8632,3
10808,2
11814,2
9536,5
10264,6
9541,5
10243,2
7478,4
8614,3
7804,3
11956,4
7752,4
9535,3
9328,4
11348,4
8918,4
11419,5
10081,3
7424,2
7987,4
10130,4
9360,5
11646,3
9763,3
9246,4
9792,4
9588,3
9025,2
8535,2
7283,5
11272,2
8125,5
10610,4
11333,6
9387,2
10165,2
8347,5
11761,4
11607,1
8746,4
11740,5
10065,4
8647,2
11545,2
9276,4
10208,2
9752,3
7433,5
10769,5
10849,4
8272,2
10622,5
8825,4
10534,4
9623,6
7521,4
10110,2
7546,5
8362,4
9953,4
10109,5
8681,2
9617,2
11674,3
9767,2
9873,4
11486,5
10707,2
9868,4
9435,2
7690,2
10386,6
9556,5
10722,2
7823,4
11785,4
10623,4
7953,2
10958,4
11568,4
7651,3
11323,4
10977,4
7515,4
11783,6
9900,2
8999,6
10175,5
8697,6
10887,2
10772,4
10290,2
7387,4
9690,4
7493,2
8672,2
11462,4
7980,2
7634,2
8886,4
8732,4
10082,5
10044,4
9340,5
11844,4
11673,5
7543,3
8307,5
9561,3
10219,4
11834,4
8505,4
10966,2
10508,4
7819,2
10360,6
9825,4
8060,4
8029,5
9486,2
7222,2
11875,5
8472,4
11624,5
9159,4
7578,4
9551,4
8266,4
9926,2
9194,4
10445,4
7458,3
8137,2
9055,4
8703,4
10662,4
11229,2
9156,4
7208,5
9337,6
10701,2
8898,2
11351,2
10144,4
9987,4
10590,4
11510,2
9232,4
10833,2
9929,4
10305,2
7581,5
9513,2
9027,6
9845,2
11596,3
7717,6
11021,2
9676,5
8850,2
8229,2
9743,4
11569,2
8413,2
10352,6
9911,2
8926,5
7881,4
8710,4
8422,4
8265,2
7332,4
11228,2
7967,2
10194,4
9750,4
8361,2
8123,4
10599,4
8725,4
9469,4
8077,2
7728,2
10931,4
7327,2
11041,4
9788,4
11989,2
10577,4
8112,5
9615,5
8958,4
10403,4
11294,4
7731,4
8134,4
7203,2
7711,5
11516,2
9381,4
9997,4
10163,6
11007,4
7497,6
8076,2
9477,3
10128,2
11454,4
9606,2
8638,2
8397,4
7299,2
11246,1
9787,2
8827,5
8552,4
7768,2
11263,4
8168,4
8745,6
7825,2
10357,3
9162,4
8161,2
8934,6
10691,4
8519,2
10488,3
7321,2
11595,6
7671,4
10473,6
9546,6
11686,5
10354,6
10567,5
9049,6
8748,2
11387,2
11615,4
11445,4
9883,2
10123,2
11928,3
8919,5
9068,4
7851,5
8758,2
8458,4
7903,4
11188,5
9299,4
11817,2
8263,6
10273,4
10072,4
7757,2
8836,6
7668,2
11934,5
8821,3
7729,4
9689,3
9423,2
7241,3
8190,4
10337,2
8454,4
10528,4
8158,4
11584,4
7452,3
9289,6
11274,4
9496,2
8642,6
9578,3
10366,6
11452,2
9832,2
9392,4
7939,4
8138,6
11395,2
9836,5
7331,5
11399,4
8854,4
8499,2
7799,2
8411,4
7930,5
10655,2
10142,6
7473,3
8359,2
9057,4
9004,6
9158,6
10490,4
9720,4
8026,2
10006,5
11975,4
9456,2
9933,6
9538,4
11480,4
7814,2
11248,6
11933,5
8888,4
7569,6
10773,5
8848,2
8738,2
8595,4
11499,5
11076,4
11208,2
7439,3
11750,6
10207,2
8474,2
10444,4
11491,3
9431,5
8135,6
8966,2
9793,5
11695,6
9746,4
11715,5
7285,4
10129,5
10231,6
10607,2
8155,5
8428,5
8459,4
7429,2
11930,4
11309,4
9524,2
11117,3
8545,4
11781,5
8453,2
7770,4
11719,2
11144,4
7385,4
7812,5
7927,2
10616,4
11614,4
8677,2
9487,2
7959,2
9108,5
11032,4
7281,5
7723,2
10706,4
7993,6
9943,5
8452,5
11932,6
8151,2
7649,5
11618,5
11961,5
11235,5
10379,2
11973,6
11902,2
8664,2
9166,4
10678,5
11926,5
10835,2
8695,2
10299,4
11126,4
9129,5
8492,3
11481,3
9437,6
10173,2
11764,4
11214,3
10235,4
10447,4
10617,4
7574,4
8597,2
9234,5
11441,2
10766,2
9598,4
8942,2
10367,5
9462,2
8487,6
8167,2
7640,5
9056,5
9781,4
11528,4
9515,3
11540,4
11175,3
7785,4
9751,2
9153,2
10846,2
9309,5
9102,4
7230,6
9509,6
10533,4
10117,4
10800,4
9738,4
8235,5
9336,5
10989,2
8985,6
11952,2
10076,2
8447,4
10883,4
7507,5
10604,3
7843,2
8673,2
8440,2
8039,4
7585,4
9433,4
10961,6
9516,4
11871,5
8068,4
8491,2
8470,2
11985,5
10729,4
9514,2
11948,6
7888,5
9586,4
8302,1
10923,6
9959,5
10886,3
7538,5
7587,4
8065,3
10971,4
10594,2
9882,2
9518,5
9147,6
10134,4
11980,5
8870,4
8466,4
10137,6
8416,5
7233,4
9149,2
7892,2
9473,4
10341,5
9227,4
9046,4
8840,2
11332,2
7957,4
11234,5
7658,6
10820,4
8602,5
9540,3
9772,2
9195,6
11327,5
10589,3
7589,4
10705,4
9284,4
8003,4
8066,2
7663,6
8221,4
9539,4
11856,2
10708,5
10053,2
10247,4
8383,2
9530,6
8924,2
11344,4
8387,2
11628,5
11806,4
10468,2
11134,4
7677,6
11252,5
7302,5
7372,4
9641,2
8970,3
7560,4
11238,2
10913,5
9813,2
8162,4
11174,4
9500,2
7669,2
11019,4
8028,4
8715,5
9815,3
8766,4
10770,4
8578,2
9223,3
7871,3
11676,4
7205,4
11163,5
11325,3
10227,3
7872,2
11914,2
10416,2
10381,4
8248,2
9625,4
11338,2
11151,4
8984,2
9686,2
8524,2
8708,4
9316,4
9454,2
10865,4
11250,6
10649,4
7790,2
8555,2
9896,5
7254,2
11508,6
11334,4
8036,4
10083,4
9932,2
7933,5
10676,4
8842,6
7978,2
10538,4
7809,4
7990,2
11909,5
7916,2
9213,6
8864,5
7744,1
8742,4
7691,4
9358,2
9632,6
8665,2
7994,2
10955,5
10203,6
7925,4
10823,6
11324,6
11971,4
7756,5
9928,2
9505,2
11749,2
10278,3
10166,2
11819,4
9118,4
10885,4
9063,2
8465,4
8872,2
8127,2
10893,6
8143,2
8430,2
9936,6
7572,4
8206,5
10643,4
11988,4
10992,5
8203,2
7214,2
8141,5
7547,6
9135,4
8798,4
9107,6
10492,5
11470,2
9461,4
9846,2
11306,2
9382,3
7982,2
8800,2
8925,2
11906,6
8252,4
8402,2
9596,5
8384,4
9824,6
10477,4
11627,5
10652,2
10566,4
9320,6
9142,5
11790,6
8389,2
8960,4
8734,5
10244,2
10084,2
9389,2
9297,4
8166,5
11030,3
9659,2
11737,4
7527,2
7389,5
10933,5
11820,5
8997,3
10390,5
9485,4
8975,2
7703,2
10239,2
11841,2
11398,5
8061,5
11702,3
9728,4
11585,4
11657,4
10556,5
10001,2
10424,4
9073,5
7635,2
8515,2
7313,6
9562,5
9402,5
8395,6
11418,2
10765,2
9669,5
9507,2
10422,4
11497,2
9447,6
11400,5
8968,2
8750,2
9332,3
9001,4
10734,2
9705,4
9216,3
11725,5
10116,3
11089,2
11506,6
11409,6
9314,2
11894,2
7593,4
7522,3
11148,5
8495,2
11641,5
10805,4
7869,4
10189,4
11991,4
9207,2
8412,2
8071,4
7554,6
9067,2
8101,2
8058,4
10928,3
7983,6
8062,2
8790,4
8227,4
10614,2
7535,5
9993,4
9099,4
8653,2
10551,2
8631,4
7231,5
9884,5
7410,2
11154,2
10294,2
11350,4
10277,2
7973,6
9803,3
8295,4
9745,4
7261,1
10704,4
10364,2
10282,4
8604,6
7534,4
8905,2
10425,6
11974,2
9425,6
9555,5
11367,4
11003,6
10397,2
11968,4
9219,5
8590,5
8674,3
9078,5
8906,6
9969,5
7928,5
8889,4
11807,2
11068,4
11777,3
10111,3
10501,5
9560,2
7737,5
11197,4
11363,4
7240,4
9961,4
9710,6
10234,4
9365,2
8771,5
7492,3
7926,2
11507,6
10876,4
10119,2
9849,5
8585,2
10646,4
8853,6
8678,2
11000,5
9422,6
8956,4
7960,5
10152,2
10830,2
11863,2
8468,4
8231,2
10190,5
8498,2
10329,5
9796,4
11015,2
10749,4
10075,4
10685,3
8208,4
11392,2
11303,2
9511,2
10632,4
11378,4
11936,3
9007,2
7465,5
8696,5
8385,6
7503,5
11166,4
7430,2
11623,6
8900,6
7848,2
8025,4
11780,5
11300,6
7315,5
7878,4
7582,2
7808,5
8170,4
11256,2
8223,5
11226,6
7470,5
10560,2
9818,3
8147,4
8636,5
9937,4
11247,5
8506,2
7480,4
9357,5
8031,2
8568,5
8613,2
10969,4
7750,3
8692,2
8639,2
7625,4
11271,2
8297,4
8119,3
9481,5
7766,5
8102,6
10268,4
11057,6
10983,2
8457,4
10232,6
8727,4
7395,2
9680,2
11114,2
10807,6
9570,2
10755,4
11349,4
11574,5
10715,2
8581,4
10384,2
10612,2
8131,5
7830,4
11579,5
9100,4
9165,4
9315,2
11502,1
8521,4
10881,2
10658,2
8971,4
7570,2
8043,3
8114,5
10779,2
10644,2
9789,5
7749,5
11233,4
11886,2
11531,4
10950,5
7781,3
8418,4
7657,4
8851,6
11734,2
8246,2
10240,2
11788,2
11095,2
7660,2
7476,4
8557,5
11358,4
7213,5
9202,4
11159,6
9860,5
9290,2
7712,4
8736,2
8197,2
8289,2
7376,4
8778,5
7544,1
9944,2
10970,2
10147,5
7608,3
8072,3
9301,4
7296,6
8852,2
9321,2
9090,4
9863,2
11633,4
11326,2
8182,5
10674,2
10957,4
11160,5
11690,2
8354,5
8366,2
11797,4
10202,3
8701,1
7854,2
8497,5
11147,4
11736,2
9239,4
7682,4
10973,5
10317,4
10712,2
9479,4
8085,4
11023,2
11503,4
8313,4
7607,5
10904,5
7428,4
9354,5
7258,6
9698,4
9318,5
11371,4
11429,4
11365,5
9178,5
11500,4
10182,3
9305,2
7609,1
10979,4
10269,2
7284,5
7481,2
10536,6
9855,4
11993,2
10781,4
10980,3
7505,4
9047,2
10446,4
10218,5
9048,2
11253,3
9687,4
7532,4
7998,2
11276,4
8299,2
11519,5
9888,5
11266,2
8133,6
10214,2
7847,4
11611,5
8404,4
9319,2
10398,2
9678,4
10645,4
9499,2
8588,5
8333,2
11972,4
8485,5
9465,5
11775,2
11337,5
10942,4
10741,6
9342,6
9201,2
11354,4
9636,1
11279,4
11887,4
9922,4
8181,6
9572,6
11669,4
9908,5
9150,6
9713,4
7922,4
10442,2
7730,2
7309,4
10502,4
9198,3
9410,2
11870,4
11929,2
8178,5
9493,4
11769,5
8225,4
7496,2
9994,4
7860,4
8709,6
9393,2
9296,5
8534,4
9791,4
11495,3
7334,6
7605,6
8981,2
9683,5
9237,4
8309,5
9101,4
9188,2
7894,2
10694,4
9388,5
7256,3
8343,5
9480,2
8089,5
11416,5
8857,4
10363,5
7559,2
10248,6
11501,6
10608,2
9287,3
11637,2
9217,2
9950,4
7298,4
8514,3
11483,4
7467,4
10717,4
8939,4
10654,5
10320,2
11520,2
9157,2
11195,4
11900,2
11905,4
10483,4
8776,2
7775,2
11959,2
9726,4
9742,5
11591,4
7391,4
9708,6
10120,2
10756,3
8882,3
9717,2
11590,5
8930,4
7736,5
11942,6
7727,2
11044,6
8044,5
8700,6
10839,2
7708,4
11305,1
8000,6
7333,4
7359,5
11307,4
8079,2
10005,2
11356,4
7601,4
7612,6
11352,5
7725,4
7434,4
10847,3
10666,4
11967,6
10210,2
9831,5
10745,2
10525,5
8605,2
10480,5
8907,2
9667,6
11048,2
8528,4
9702,3
10034,5
8317,4
11420,5
8479,6
8627,5
11283,2
8293,5
9366,4
11731,2
11167,5
11712,4
10216,2
10790,4
8712,2
9599,2
8829,4
7721,6
11060,6
10840,2
11890,2
8885,5
10968,2
9128,4
10620,2
8998,2
9504,4
10873,5
11183,4
9189,4
7307,2
8903,2
11172,2
8163,5
7220,2
11965,5
10262,2
8789,4
9313,2
9821,4
9359,5
11912,5
9844,5
11577,4
10017,6
10188,6
11094,4
10255,5
7303,5
10675,4
7545,2
11730,5
8923,4
10725,5
8398,2
8152,2
10768,4
9109,2
11384,5
7970,4
10692,2
10814,2
7836,4
7659,5
8781,6
10891,6
11762,2
10316,5
11362,2
10535,2
11202,2
8217,2
8490,6
11880,4
7991,2
10153,3
11916,4
9259,2
11191,1
11632,4
9220,4
11944,2
11022,2
8812,4
7519,4
11204,6
11004,2
11070,5
10975,2
10563,3
8269,4
8175,2
11650,2
9391,4
7482,5
10469,2
10544,4
11417,5
10733,5
8739,5
8762,5
11251,5
9428,2
10426,4
10618,5
9341,4
7252,5
7856,4
10954,2
11016,6
11659,2
7210,6
11461,4
7683,4
11563,2
11119,2
8569,2
7642,2
9324,2
8386,2
8723,5
8338,4
7846,4
11098,2
10920,4
9363,6
10170,6
11093,2
8982,5
8057,2
8530,2
10598,4
8551,6
11739,2
10634,2
8055,2
9808,4
10078,3
8292,2
10953,2
9235,4
8232,5
10333,4
7917,2
9519,3
8300,2
9386,3
10454,5
9553,4
9095,2
11308,3
8808,5
10099,2
7972,6
10882,4
9184,2
9023,5
11720,5
8056,4
8204,5
8952,5
10858,6
8567,5
8052,2
8322,4
11158,5
11207,2
10394,5
10802,2
8887,5
11610,4
9739,4
8201,2
10021,4
11442,2
8856,5
9438,2
9822,5
7599,2
9870,5
8897,2
7399,2
10332,2
8502,6
8936,2
8558,2
9307,4
7838,6
10583,5
9145,4
8211,4
11424,5
10653,5
9228,3
7278,4
9522,2
11291,4
9051,5
9674,2
7665,4
11621,5
7494,4
11464,4
11612,3
8339,5
8294,5
8815,2
11187,4
10326,5
7818,2
11336,2
11693,4
7934,2
7282,5
8283,2
9115,4
10389,4
8719,2
11773,2
10629,2
11455,4
9910,2
9627,2
10169,2
9942,2
10171,5
9984,6
9906,2
8769,6
11626,2
7661,4
8760,5
8477,2
7374,6
11733,2
10060,3
7318,6
9622,5
9083,2
7713,3
7226,6
9377,4
8239,6
7443,6
7654,1
8867,4
9430,4
11823,2
9490,5
10919,4
7803,5
9311,2
11644,6
11489,6
11718,5
9138,4
10022,4
9279,2
10548,5
8964,2
10636,2
11100,2
9577,6
7542,4
10340,5
9144,4
11269,4
9719,2
9876,2
9834,2
9484,5
9607,4
8243,6
11046,2
9443,4
8618,1
10561,3
7598,4
8429,4
10822,2
8319,2
10238,5
11861,3
10486,4
8965,2
8015,4
9864,4
11218,5
10098,4
10073,4
9310,2
8288,5
11660,4
9778,5
7413,3
9626,2
10829,4
8024,2
11137,4
8993,4
11839,2
10260,4
11141,5
7906,5
7989,2
9082,4
9434,5
9091,6
9174,4
11999,2
11096,4
11086,4
7229,6
11360,6
9394,2
8920,2
8617,2
9695,4
7306,2
10059,2
10158,2
7710,2
10514,2
10991,6
7262,2
9193,4
8424,2
7849,5
9579,4
7889,6
9249,2
10803,6
11230,2
7268,5
7981,4
8785,2
8591,2
7751,2
7720,4
8278,6
10716,2
9278,4
8426,4
11955,2
7552,5
9450,6
8722,6
9608,6
10387,5
11675,6
7956,4
8649,4
8721,6
8476,4
10633,4
10404,3
11433,4
11847,2
10785,4
7388,5
8327,5
9533,5
11946,2
11043,2
8409,4
8098,4
10663,5
11876,4
11219,2
8310,2
11701,4
8321,6
9574,2
10407,4
11536,2
11310,6
8022,4
9349,5
11056,3
7329,3
8526,2
10495,5
7887,2
11653,4
11647,2
11784,4
10813,2
7221,2
9192,5
11212,2
8775,5
10067,6
11296,2
9263,4
9508,2
11487,2
8346,1
7754,2
11404,4
11376,4
8224,5
7949,2
10281,4
9839,4
10504,4
9549,4
8772,2
9850,4
9229,2
9125,4
7784,2
10780,4
10035,2
11130,4
10237,4
11181,6
11697,5
10319,5
9729,4
11727,4
11270,4
7614,2
9094,2
9130,2
11353,2
10184,2
9648,4
8902,2
8559,4
11259,6
10420,2
10280,4
10906,4
8279,4
11402,5
7974,6
9998,5
11828,6
8904,4
9205,6
10516,2
8132,6
8188,4
9440,2
10465,4
11668,1
9877,2
8326,6
9823,4
10591,5
10677,4
9459,4
9206,3
7696,4
7314,5
7946,2
11793,5
8277,5
11375,6
10217,4
9092,3
11824,3
7575,2
9619,4
10859,4
11760,2
9563,1
10417,4
9013,6
9080,5
10358,4
8220,2
10027,4
9777,6
9471,6
11162,4
9567,1
10321,3
11931,5
9035,5
10690,2
11415,5
8625,4
9947,4
10587,3
11393,4
10585,4
9215,5
7673,3
10703,4
8818,4
9857,5
8017,4
7724,2
7394,4
7992,4
11911,6
10513,2
8040,4
11232,4
9575,4
9350,4
7859,4
8592,6
11107,4
10711,5
9843,5
11940,6
11963,2
10520,2
8275,5
10588,2
8115,6
9889,4
10253,2
7583,2
8074,2
11017,4
11593,4
11710,2
9565,4
9224,2
9671,2
10105,4
9798,6
7418,4
7386,5
8878,2
9978,2
9973,2
8202,2
8063,5
9688,5
11842,4
7237,2
11311,6
9122,2
7935,6
10047,3
11779,6
10087,5
9765,4
9003,2
11805,4
11123,5
7783,2
10339,4
9901,4
9452,4
9983,4
8859,4
11525,2
10774,4
8335,3
7228,4
10575,2
7308,4
7822,4
8097,4
11924,1
11304,4
10728,4
8380,4
7936,3
9401,4
9399,5
10287,4
8236,2
7463,4
10423,3
10539,4
9497,4
10275,4
11923,4
9853,2
11083,5
10740,2
9070,4
11919,5
7398,6
8023,6
10573,3
8532,6
9999,2
9010,3
8823,6
11706,5
10635,4
7355,6
7631,6
10831,6
10558,2
10905,2
9651,2
8461,4
9395,2
9525,6
9176,3
8218,2
11855,5
9071,3
9762,4
9466,2
11194,4
8410,2
9670,6
10702,4
8670,4
7448,4
7273,2
7602,6
7425,2
10419,2
11751,2
9446,2
11361,4
7297,2
11275,2
10949,4
10122,3
9121,2
11766,4
9924,2
11359,6
8786,6
11373,4
9270,2
10431,5
11192,5
9352,3
11529,4
10879,6
7441,4
7796,4
7918,4
11555,2
9106,6
8603,6
11857,2
8548,2
11678,5
9086,4
7571,5
11385,3
9909,2
7622,5
9675,6
8819,3
10806,2
8634,3
8478,2
11314,3
7576,2
10028,5
8668,3
11020,5
9491,2
10222,1
8273,2
10276,2
9181,2
8549,6
8037,6
11535,2
9914,4
10223,6
10571,2
8374,4
10894,4
7719,4
10721,4
11835,6
10302,2
7735,4
10993,2
7364,4
10342,2
11193,2
7985,5
9966,5
11938,4
9584,5
8128,3
8837,4
8344,5
11262,2
10682,5
11136,2
9298,4
11165,5
9684,2
11981,5
8210,4
11925,5
9285,3
11127,4
8086,2
11066,2
7913,4
10155,6
7666,2
8839,4
9548,4
11865,2
11918,2
11547,2
7263,4
10250,2
10103,4
10030,6
8081,5
8363,4
7553,5
8644,4
7357,3
7866,2
11950,5
7857,2
9050,2
11410,6
7932,6
8813,2
9187,2
11010,4
10557,4
11061,5
11176,4
11377,6
8240,2
10209,6
9703,5
11758,4
8336,3
9012,2
11280,5
9255,3
9470,3
8156,6
10151,4
9737,2
9564,4
11285,2
9059,4
11714,4
7243,2
11970,2
8318,3
12000,4
8159,4
11553,2
7236,4
9629,2
9887,4
7914,4
9029,4
9576,4
7747,5
11284,5
9199,6
11355,5
10861,4
